<llsd>
    <array>
        <map>
        <key>default_grids_version</key>
            <integer>22</integer>
        </map>
        <map>
        <key>auto_update</key>
            <boolean>0</boolean>
        <key>gridname</key>
            <string>DreamWorld</string>
        <key>gridnick</key>
            <string>dreamworld</string>
        <key>helperuri</key>
            <string>http://</string>
        <key>inventory_links</key>
            <boolean>0</boolean>
        <key>locked</key>
            <boolean>0</boolean>
        <key>loginpage</key>
            <string>http://127.0.0.1:8002/wifi/</string>
        <key>loginuri</key>
            <string>http://127.0.0.1:8002/</string>
        <key>password</key>
            <string>http://127.0.0.1:8002/wifi/forgotpassword</string>
        <key>platform</key>
            <string>OpenSim</string>
        <key>register</key>
            <string>http://127.0.0.1:8002/wifi/user/account</string>
        <key>render_compat</key>
            <boolean>1</boolean>
        <key>search</key>
            <string>http://search.metaverseink.com/opensim/results.jsp?</string>
        <key>support</key>
            <string />
        <key>website</key>
            <string />
        </map>
        <map>
        <key>auto_update</key>
            <boolean>0</boolean>
        <key>gridname</key>
            <string>Enter Login URL</string>
        <key>gridnick</key>
            <string>none</string>
        <key>helperuri</key>
            <string>http://</string>
        <key>inventory_links</key>
            <boolean>0</boolean>
        <key>locked</key>
            <boolean>1</boolean>
        <key>loginpage</key>
            <string>http://diva.github.io/onlook.html</string>
        <key>loginuri</key>
            <string>http://invalid</string>
        <key>password</key>
            <string />
        <key>platform</key>
            <string>OpenSim</string>
        <key>register</key>
            <string />
        <key>render_compat</key>
            <boolean>1</boolean>
        <key>search</key>
            <string />
        <key>support</key>
            <string />
        <key>website</key>
            <string />
        </map>
    </array>
</llsd>
