<llsd>
    <array>
        <map>
        <key>default_grids_version</key>
            <integer>22</integer>
        </map>
        <map>
        <key>auto_update</key>
            <boolean>0</boolean>
        <key>gridname</key>
            <string>OSGrid</string>
        <key>gridnick</key>
            <string>osgrid</string>
        <key>helperuri</key>
            <string>http://helper.osgrid.org/</string>
        <key>inventory_links</key>
            <boolean>0</boolean>
        <key>locked</key>
            <boolean>0</boolean>
        <key>loginpage</key>
            <string>http://www.osgrid.org/splash/</string>
        <key>loginuri</key>
            <string>http://login.osgrid.org/</string>
        <key>password</key>
            <string>http://www.osgrid.org/</string>
        <key>platform</key>
            <string>OpenSim</string>
        <key>register</key>
            <string>http://www.osgrid.org/</string>
        <key>render_compat</key>
            <boolean>1</boolean>
        <key>search</key>
            <string />
        <key>support</key>
            <string>http://www.osgrid.org/</string>
        <key>website</key>
            <string>http://www.osgrid.org/</string>
        </map>
        <map>
        <key>auto_update</key>
            <boolean>0</boolean>
        <key>gridname</key>
            <string>Enter Login URL</string>
        <key>gridnick</key>
            <string>none</string>
        <key>helperuri</key>
            <string>http://</string>
        <key>inventory_links</key>
            <boolean>0</boolean>
        <key>locked</key>
            <boolean>1</boolean>
        <key>loginpage</key>
            <string>http://diva.github.io/onlook.html</string>
        <key>loginuri</key>
            <string>http://invalid</string>
        <key>password</key>
            <string />
        <key>platform</key>
            <string>OpenSim</string>
        <key>register</key>
            <string />
        <key>render_compat</key>
            <boolean>1</boolean>
        <key>search</key>
            <string />
        <key>support</key>
            <string />
        <key>website</key>
            <string />
        </map>
    </array>
</llsd>
